<?xml version="1.0" encoding="UTF-8" ?>
<rss version="2.0">
<channel>
<title>Cricinfo Live Scores</title>
<ttl>2</ttl>
<link>http://www.cricinfo.com</link>
<description>Latest scores from Cricinfo</description>
<copyright>(c)Cricinfo</copyright>
<language>en-gb</language>
<pubDate>Tue, 05 Jan 2016 14:24:01 +0000</pubDate>
<item>
<title>South Africa 573/6 * v England 629/6 </title>
<link>http://www.cricinfo.com/ci/engine/match/800463.html?CMP=OTC-RSS </link>
<description>South Africa 573/6 * v England 629/6 </description>
 <guid>http://www.cricinfo.com/ci/engine/match/800463.html</guid> </item>
<item>
<title>Australia v West Indies 248/7 *</title>
<link>http://www.cricinfo.com/ci/engine/match/892519.html?CMP=OTC-RSS </link>
<description>Australia v West Indies 248/7 *</description>
 <guid>http://www.cricinfo.com/ci/engine/match/892519.html</guid> </item>
<item>
<title>United Bank Limited 208/10 &amp;  189/10 * v Sui Northern Gas Pipelines Limited 238/10 </title>
<link>http://www.cricinfo.com/ci/engine/match/931370.html?CMP=OTC-RSS </link>
<description>United Bank Limited 208/10 &amp;  189/10 * v Sui Northern Gas Pipelines Limited 238/10 </description>
 <guid>http://www.cricinfo.com/ci/engine/match/931370.html</guid> </item>
<item>
<title>Sri Lanka Army 133/8  v Badureliya Sports Club 129/8 *</title>
<link>http://www.cricinfo.com/ci/engine/match/937155.html?CMP=OTC-RSS </link>
<description>Sri Lanka Army 133/8  v Badureliya Sports Club 129/8 *</description>
 <guid>http://www.cricinfo.com/ci/engine/match/937155.html</guid> </item>
<item>
<title>Sri Lanka Ports Authority Cricket Club 149/7 * v Colombo Cricket Club 148/9 </title>
<link>http://www.cricinfo.com/ci/engine/match/937159.html?CMP=OTC-RSS </link>
<description>Sri Lanka Ports Authority Cricket Club 149/7 * v Colombo Cricket Club 148/9 </description>
 <guid>http://www.cricinfo.com/ci/engine/match/937159.html</guid> </item>
<item>
<title>Moors Sports Club 142/9  v Nondescripts Cricket Club 143/4 *</title>
<link>http://www.cricinfo.com/ci/engine/match/937163.html?CMP=OTC-RSS </link>
<description>Moors Sports Club 142/9  v Nondescripts Cricket Club 143/4 *</description>
 <guid>http://www.cricinfo.com/ci/engine/match/937163.html</guid> </item>
<item>
<title>Mountaineers 98/10 * v Mid West Rhinos 223/9 </title>
<link>http://www.cricinfo.com/ci/engine/match/935925.html?CMP=OTC-RSS </link>
<description>Mountaineers 98/10 * v Mid West Rhinos 223/9 </description>
 <guid>http://www.cricinfo.com/ci/engine/match/935925.html</guid> </item>
<item>
<title>Northerns v Border 281/7 *</title>
<link>http://www.cricinfo.com/ci/engine/match/874847.html?CMP=OTC-RSS </link>
<description>Northerns v Border 281/7 *</description>
 <guid>http://www.cricinfo.com/ci/engine/match/874847.html</guid> </item>
<item>
<title>Dolphins Cubs 56/10 * v South Africa Under-19s 206/10 </title>
<link>http://www.cricinfo.com/ci/engine/match/954089.html?CMP=OTC-RSS </link>
<description>Dolphins Cubs 56/10 * v South Africa Under-19s 206/10 </description>
 <guid>http://www.cricinfo.com/ci/engine/match/954089.html</guid> </item>
<item>
<title>Titans Cubs 253/7  v Warriors Cubs 131/5 *</title>
<link>http://www.cricinfo.com/ci/engine/match/954091.html?CMP=OTC-RSS </link>
<description>Titans Cubs 253/7  v Warriors Cubs 131/5 *</description>
 <guid>http://www.cricinfo.com/ci/engine/match/954091.html</guid> </item>
<item>
<title>Cobras Cubs 130/8 * v Knights Cubs 261/7 </title>
<link>http://www.cricinfo.com/ci/engine/match/954095.html?CMP=OTC-RSS </link>
<description>Cobras Cubs 130/8 * v Knights Cubs 261/7 </description>
 <guid>http://www.cricinfo.com/ci/engine/match/954095.html</guid> </item>
<item>
<title>Lions Cubs 227/7  v South Africa Under-17s Invitation XI 139/3 *</title>
<link>http://www.cricinfo.com/ci/engine/match/954093.html?CMP=OTC-RSS </link>
<description>Lions Cubs 227/7  v South Africa Under-17s Invitation XI 139/3 *</description>
 <guid>http://www.cricinfo.com/ci/engine/match/954093.html</guid> </item>
<item>
<title>Adelaide Strikers 174/2  v Perth Scorchers 138/10 *</title>
<link>http://www.cricinfo.com/ci/engine/match/897733.html?CMP=OTC-RSS </link>
<description>Adelaide Strikers 174/2  v Perth Scorchers 138/10 *</description>
 <guid>http://www.cricinfo.com/ci/engine/match/897733.html</guid> </item>
<item>
<title>Chilaw Marians Cricket Club 153/8  v Colts Cricket Club 154/7 *</title>
<link>http://www.cricinfo.com/ci/engine/match/937157.html?CMP=OTC-RSS </link>
<description>Chilaw Marians Cricket Club 153/8  v Colts Cricket Club 154/7 *</description>
 <guid>http://www.cricinfo.com/ci/engine/match/937157.html</guid> </item>
<item>
<title>Bloomfield Cricket and Athletic Club 150/10 * v Ragama Cricket Club 161/7 </title>
<link>http://www.cricinfo.com/ci/engine/match/937165.html?CMP=OTC-RSS </link>
<description>Bloomfield Cricket and Athletic Club 150/10 * v Ragama Cricket Club 161/7 </description>
 <guid>http://www.cricinfo.com/ci/engine/match/937165.html</guid> </item>
<item>
<title>Galle Cricket Club 154/7 * v Sinhalese Sports Club 220/7 </title>
<link>http://www.cricinfo.com/ci/engine/match/937161.html?CMP=OTC-RSS </link>
<description>Galle Cricket Club 154/7 * v Sinhalese Sports Club 220/7 </description>
 <guid>http://www.cricinfo.com/ci/engine/match/937161.html</guid> </item>
<item>
<title>Melbourne Stars v Hobart Hurricanes</title>
<link>http://www.cricinfo.com/ci/engine/match/897735.html?CMP=OTC-RSS </link>
<description>Melbourne Stars v Hobart Hurricanes</description>
 <guid>http://www.cricinfo.com/ci/engine/match/897735.html</guid> </item>
</channel>
</rss>
