<?xml version="1.0" encoding="UTF-8" ?>
<rss version="2.0" xmlns:atom="http://www.w3.org/2005/Atom"  xmlns:media="http://search.yahoo.com/mrss/">
<channel> 
<title>Cricket news from ESPN Cricinfo.com</title>
<ttl>2</ttl>
<link>http://www.espncricinfo.com</link>
<description>Visit Cricinfo.com for up-to-the-minute cricket news, breaking cricket news, live cricket commentary, ball-by-ball commentary, cricket video, cricket audio and features.</description>
<copyright>(c)Cricinfo</copyright>
<language>en-gb</language>
<image>
<title>Cricket news from ESPN Cricinfo.com</title>
<url>http://i.imgci.com/espncricinfo/espnci.png</url>
<link>http://www.espncricinfo.com/</link>
</image>
<item>
<title>Fulton, Nicholls steer Canterbury to bonus-point win</title>
<description>A round-up of the Ford Trophy match played on January 9, 2016</description>

<link>http://www.espncricinfo.com/ford-trophy-2015-16/content/story/959703.html?CMP=OTC-RSS</link>

<guid>http://www.espncricinfo.com/ford-trophy-2015-16/content/story/959703.html</guid>
<pubDate>Sat, 09 Jan 2016 08:04:23 GMT</pubDate>
</item>
<item>
<title>Sri Lanka play for pride, and top ranking</title>
<description>Sri Lanka have lost more than they have won on this tour. To save the T20 series, and their No. 1 ranking in T20Is, they need to win in Auckland</description>

<link>http://www.espncricinfo.com/new-zealand-v-sri-lanka-2015-16/content/story/959701.html?CMP=OTC-RSS</link>

<guid>http://www.espncricinfo.com/new-zealand-v-sri-lanka-2015-16/content/story/959701.html</guid>
<pubDate>Sat, 09 Jan 2016 08:00:05 GMT</pubDate>
</item>
<item>
<title>New Zealand prepping Taylor for WT20 finishing role</title>
<description>Ross Taylor has made a significant move in the top order, as New Zealand attempt to fill the firepower void left by Brendon McCullum</description>

<link>http://www.espncricinfo.com/new-zealand-v-sri-lanka-2015-16/content/story/959683.html?CMP=OTC-RSS</link>

<guid>http://www.espncricinfo.com/new-zealand-v-sri-lanka-2015-16/content/story/959683.html</guid>
<pubDate>Sat, 09 Jan 2016 06:11:03 GMT</pubDate>
</item>
<item>
<title>Paris hoping for home ODI debut</title>
<description>23-year-old Joel Paris, who has been fast-tracked into the Australia ODI setup in the absence of Mitchell Starc, stands a chance of making his debut in the first ODI at the WACA</description>

<link>http://www.espncricinfo.com/australia-v-india-2015-16/content/story/959681.html?CMP=OTC-RSS</link>

<guid>http://www.espncricinfo.com/australia-v-india-2015-16/content/story/959681.html</guid>
<pubDate>Sat, 09 Jan 2016 07:13:08 GMT</pubDate>
</item>
<item>
<title>Sammy, Russell cut from WICB contracts list</title>
<description>West Indies' Twenty20 captain Darren Sammy has not been contracted by the WICB for 2015-2016, along with allrounder Andre Russell and spinner Sulieman Benn</description>

<link>http://www.espncricinfo.com/westindies/content/story/959677.html?CMP=OTC-RSS</link>

<guid>http://www.espncricinfo.com/westindies/content/story/959677.html</guid>
<pubDate>Sat, 09 Jan 2016 05:56:38 GMT</pubDate>
</item>
<item>
<title>Stokes 'better than I was at 24' - Botham</title>
<description>Ian Botham has hailed Ben Stokes' &quot;enormous potential&quot; and suggested he may be a better player than he was at the same age</description>

<link>http://www.espncricinfo.com/south-africa-v-england-2015-16/content/story/959665.html?CMP=OTC-RSS</link>

<guid>http://www.espncricinfo.com/south-africa-v-england-2015-16/content/story/959665.html</guid>
<pubDate>Fri, 08 Jan 2016 21:07:27 GMT</pubDate>
</item>
<item>
<title>Waqas targeting return after kidney transplant</title>
<description>Sui Northern Gas and Pipelines Limited (SNGPL), who retained the Quaid-e-Azam trophy earlier this week, have dedicated their title to Ali Waqas, their middle-order batsman who collapsed last year due to kidney disease</description>

<link>http://www.espncricinfo.com/pakistan/content/story/959657.html?CMP=OTC-RSS</link>

<guid>http://www.espncricinfo.com/pakistan/content/story/959657.html</guid>
<pubDate>Fri, 08 Jan 2016 18:30:13 GMT</pubDate>
</item>
<item>
<title>Afghanistan hold nerve to clinch high-scoring thriller</title>
<description>Dawlat Zadran held his nerve in the end to finish with 3 for 32 as Zimbabwe fell five short of Afghanistan's 187 for 7 in a heart-stopping thriller</description>

<link>http://www.espncricinfo.com/afghanistan-v-zimbabwe-2015-16/content/story/959641.html?CMP=OTC-RSS</link>

<guid>http://www.espncricinfo.com/afghanistan-v-zimbabwe-2015-16/content/story/959641.html</guid>
<pubDate>Sat, 09 Jan 2016 05:46:18 GMT</pubDate>
</item>
<item>
<title>Cook omission raises doubts about domestic quality</title>
<description>Stephen Cook's continued omission from South Africa's Test plans has reawakened concerns about the quality of the Sunfoil Series, the country's first-class franchise competition</description>

<link>http://www.espncricinfo.com/south-africa-v-england-2015-16/content/story/959635.html?CMP=OTC-RSS</link>

<guid>http://www.espncricinfo.com/south-africa-v-england-2015-16/content/story/959635.html</guid>
<pubDate>Fri, 08 Jan 2016 15:25:47 GMT</pubDate>
</item>
<item>
<title>Dhawan, Kohli hit form before spinners dismantle WA XI</title>
<description>Dhawan, Kohli among the runs before spinners prove too hot to handle for Western Australia XI in Perth</description>

<link>http://www.espncricinfo.com/australia-v-india-2015-16/content/story/959629.html?CMP=OTC-RSS</link>

<guid>http://www.espncricinfo.com/australia-v-india-2015-16/content/story/959629.html</guid>
<pubDate>Fri, 08 Jan 2016 16:56:08 GMT</pubDate>
</item>
<item>
<title>Ireland at full strength despite late call</title>
<description>Ireland have announced a full-strength squad for the Under-19 World Cup in Bangladesh, with three players coming into the group that finished as runners-up at the ICC Qualifier in October</description>

<link>http://www.espncricinfo.com/icc-under-19-world-cup-2016/content/story/959609.html?CMP=OTC-RSS</link>

<guid>http://www.espncricinfo.com/icc-under-19-world-cup-2016/content/story/959609.html</guid>
<pubDate>Fri, 08 Jan 2016 13:10:40 GMT</pubDate>
</item>
<item>
<title>Sushma Verma back in ODI squad, Deepti Sharma dropped</title>
<description>India Women pick only three pacers in squads led by Mithali Raj for the limited-overs tour of Australia starting on January 26</description>

<link>http://www.espncricinfo.com/women/content/story/959607.html?CMP=OTC-RSS</link>

<guid>http://www.espncricinfo.com/women/content/story/959607.html</guid>
<pubDate>Fri, 08 Jan 2016 14:59:21 GMT</pubDate>
</item>
<item>
<title>Jayawardene, Head take Strikers to the top</title>
<description>Mahela Jayawardene's second fifty as an opener and Travis Head's beligerence converted a potential tricky chase of 176 into a cruise for the Adelaide Strikers</description>

<link>http://www.espncricinfo.com/big-bash-league-2015-16/content/story/959603.html?CMP=OTC-RSS</link>

<guid>http://www.espncricinfo.com/big-bash-league-2015-16/content/story/959603.html</guid>
<pubDate>Fri, 08 Jan 2016 16:48:22 GMT</pubDate>
</item>
<item>
<title>Non-bailable warrant issued against Dhoni</title>
<description>A local court in Andhra Pradesh's district of Anantapur has issued a non-bailable warrant against India's limited-overs captain MS Dhoni
</description>

<link>http://www.espncricinfo.com/india/content/story/959503.html?CMP=OTC-RSS</link>

<guid>http://www.espncricinfo.com/india/content/story/959503.html</guid>
<pubDate>Fri, 08 Jan 2016 10:17:06 GMT</pubDate>
</item>
<item>
<title>South Africa unchanged for last two Tests</title>
<description>South Africa have named an unchanged squad for the last two Tests of the home series against England
</description>

<link>http://www.espncricinfo.com/south-africa-v-england-2015-16/content/story/959477.html?CMP=OTC-RSS</link>

<guid>http://www.espncricinfo.com/south-africa-v-england-2015-16/content/story/959477.html</guid>
<pubDate>Fri, 08 Jan 2016 10:50:02 GMT</pubDate>
</item>
<item>
<title>Australia push for No. 1 with little prep time</title>
<description>Steven Smith and David Warner will expect their team to adapt to New Zealand conditions without the assistance of a tour match as preparation</description>

<link>http://www.espncricinfo.com/new-zealand-v-australia-2015-16/content/story/959449.html?CMP=OTC-RSS</link>

<guid>http://www.espncricinfo.com/new-zealand-v-australia-2015-16/content/story/959449.html</guid>
<pubDate>Fri, 08 Jan 2016 06:00:51 GMT</pubDate>
</item>
<item>
<title>Boult back at optimum, says Mascarenhas</title>
<description>Trent Boult's bowling is once again &quot;pretty special&quot;, with the bowler having recovered from back complaints, New Zealand bowling coach Dimitri Mascarenhas has said</description>

<link>http://www.espncricinfo.com/new-zealand-v-sri-lanka-2015-16/content/story/959445.html?CMP=OTC-RSS</link>

<guid>http://www.espncricinfo.com/new-zealand-v-sri-lanka-2015-16/content/story/959445.html</guid>
<pubDate>Fri, 08 Jan 2016 05:44:00 GMT</pubDate>
</item>
<item>
<title>Sixers mull Christmas Eve BBL games</title>
<description>The Sydney Sixers and Cricket Australia are eager to play a Big Bash League match on Christmas Eve, as soon as the competition's sixth edition later this year</description>

<link>http://www.espncricinfo.com/big-bash-league-2015-16/content/story/959437.html?CMP=OTC-RSS</link>

<guid>http://www.espncricinfo.com/big-bash-league-2015-16/content/story/959437.html</guid>
<pubDate>Fri, 08 Jan 2016 05:07:40 GMT</pubDate>
</item>
<item>
<title>Henry joins Worcs for first half of season</title>
<description>Worcestershire have signed Matt Henry, the New Zealand fast bowler, for the first half of the 2016 season
</description>

<link>http://www.espncricinfo.com/county-cricket-2016/content/story/959399.html?CMP=OTC-RSS</link>

<guid>http://www.espncricinfo.com/county-cricket-2016/content/story/959399.html</guid>
<pubDate>Thu, 07 Jan 2016 17:29:32 GMT</pubDate>
</item>
<item>
<title>Barbados, T&amp;T start off with wins</title>
<description>A round-up of the opening day's matches from the 2016 Nagico Super50</description>

<link>http://www.espncricinfo.com/super50-2016/content/story/959425.html?CMP=OTC-RSS</link>

<guid>http://www.espncricinfo.com/super50-2016/content/story/959425.html</guid>
<pubDate>Fri, 08 Jan 2016 18:16:58 GMT</pubDate>
</item>
</channel>
</rss>
